ShrinkFactor_1,ShrinkFactor_2,ShrinkFactor_3,ShrinkFactor_4,ShrinkFactor_5,ShrinkFactor_6,ShrinkFactor_7,ShrinkFactor_8,ShrinkFactor_9
5.73684210526316,6.61363636363636,4.42207792207792,3.65071770334928,5.22666666666667,5.25213675213675,4.30368098159509,4.78409090909091,5.65030674846626
